{"IcoMoonType":"selection","icons":[{"icon":{"paths":["M384 554q64 0 140 18t139 60 63 94v128h-684v-128q0-52 63-94t139-60 140-18zM640 512q-26 0-56-10 56-66 56-160 0-38-16-86t-40-76q30-10 56-10 70 0 120 51t50 121-50 120-120 50zM214 342q0-70 50-121t120-51 120 51 50 121-50 120-120 50-120-50-50-120zM712 560q106 16 188 59t82 107v128h-172v-128q0-98-98-166z"],"attrs":[{}],"isMulticolor":false,"isMulticolor2":false,"tags":["people_alt"],"grid":24},"attrs":[{}],"properties":{"order":5,"id":0,"name":"people_alt","prevSize":24,"code":59648},"setIdx":0,"setId":2,"iconIdx":0},{"icon":{"paths":["M704 0c-176.73 0-320 143.268-320 320 0 20.026 1.858 39.616 5.376 58.624l-389.376 389.376v192c0 35.346 28.654 64 64 64h64v-64h128v-128h128v-128h128l83.042-83.042c34.010 12.316 70.696 19.042 108.958 19.042 176.73 0 320-143.268 320-320s-143.27-320-320-320zM799.874 320.126c-53.020 0-96-42.98-96-96s42.98-96 96-96 96 42.98 96 96-42.98 96-96 96z"],"tags":["key","password","login","signin"],"defaultCode":59789,"grid":16,"attrs":[]},"attrs":[],"properties":{"ligatures":"key, password","name":"key","order":6,"id":142,"prevSize":32,"code":59789},"setIdx":1,"setId":1,"iconIdx":141}],"height":1024,"metadata":{"name":"icomoon"},"preferences":{"showGlyphs":true,"showQuickUse":true,"showQuickUse2":false,"showSVGs":true,"fontPref":{"prefix":"icon-","metadata":{"fontFamily":"icomoon","majorVersion":1,"minorVersion":0},"metrics":{"emSize":1024,"baseline":6.25,"whitespace":50},"embed":false},"imagePref":{"prefix":"icon-","png":true,"useClassSelector":true,"color":0,"bgColor":16777215,"classSelector":".icon","name":"icomoon","height":32,"columns":16,"margin":16},"historySize":50,"showCodes":true,"gridSize":16}}